id,first_name,custom_list,email
1,Ulric,employee,uoffner0@berkeley.edu
2,Bonny,employee,bdeboy1@shareasale.com
3,Lenka,administrator,lcovolini2@nyu.edu
4,Frants,customer,fgerb3@so-net.ne.jp
5,Davidde,administrator,dbickerton4@aol.com
6,Hazlett,customer,hgive5@ycombinator.com
7,Avigdor,administrator,abroomfield6@google.co.jp
8,Maren,customer,mmccarlie7@barnesandnoble.com
9,Daisey,administrator,dcosty8@opera.com
10,Andie,administrator,aabarrow9@last.fm
11,Jeffy,administrator,jcordaya@hhs.gov
12,Tedmund,customer,tramalheteb@photobucket.com
13,Brnaby,customer,bhunc@cam.ac.uk
14,Skell,customer,srewand@boston.com
15,Benny,customer,bcostee@123-reg.co.uk
16,Moria,customer,mdiklesf@youtube.com
17,Florry,customer,ftoplisg@indiatimes.com
18,Niel,employee,ncayeth@economist.com
19,Ainslee,administrator,agirdleri@nationalgeographic.com
20,Kelcie,administrator,kklezmskij@ibm.com
21,Rivy,customer,rdampk@blogspot.com
22,Geri,employee,gstaggl@state.gov
23,Rosetta,administrator,rsheddenm@baidu.com
24,Gideon,employee,gdillistonn@irs.gov
25,Ilysa,customer,idearello@posterous.com
26,Wendi,customer,wskingleyp@mapy.cz
27,Jobyna,customer,jwaseq@booking.com
28,Merrili,customer,mbampkinr@nytimes.com
29,Kiri,administrator,knoells@meetup.com
30,Muhammad,customer,mcullinanet@nyu.edu
31,Ludovico,customer,lyouthedu@zdnet.com
32,Ruperta,customer,rdychev@google.pl
33,Gui,administrator,gspirew@pen.io
34,Briant,employee,bbalchx@clickbank.net
35,Cristobal,customer,cfoundy@oaic.gov.au
36,Jermaine,administrator,jlytellz@spiegel.de
37,Sherilyn,employee,sscatchar10@phoca.cz
38,Brendan,administrator,bfranc11@techcrunch.com
39,Charo,customer,cpeddersen12@youku.com
40,Clarance,employee,cbritner13@telegraph.co.uk
41,Danna,customer,dbezley14@columbia.edu
42,Germain,administrator,gmorais15@google.it
43,Adore,administrator,afound16@free.fr
44,Karoline,administrator,kbythell17@devhub.com
45,Glenn,customer,gbonefant18@latimes.com
46,Madeleine,administrator,mhastilow19@over-blog.com
47,Woodie,employee,wcastillou1a@dropbox.com
48,Kirstyn,employee,kdrayn1b@quantcast.com
49,Freedman,employee,fgleaves1c@uiuc.edu
50,Jefferey,administrator,jsuggate1d@sakura.ne.jp
51,Polly,customer,pjamrowicz1e@smh.com.au
52,Carolee,customer,cdubose1f@pen.io
53,Alecia,employee,ayurukhin1g@techcrunch.com
54,Fleurette,administrator,ffritschmann1h@tmall.com
55,Monroe,customer,mthandi1i@stanford.edu
56,Damara,employee,ddechelle1j@dedecms.com
57,Devin,customer,ddivell1k@weebly.com
58,Anatola,administrator,aharce1l@list-manage.com
59,Dew,customer,djoppich1m@earthlink.net
60,Jameson,administrator,jlearned1n@mediafire.com
61,Shirlee,administrator,sclayden1o@i2i.jp
62,Stacey,administrator,sbountiff1p@digg.com
63,Seumas,customer,skoenraad1q@howstuffworks.com
64,Korie,customer,kfrantsev1r@toplist.cz
65,Elsinore,administrator,eschulze1s@purevolume.com
66,Korella,administrator,kguynemer1t@whitehouse.gov
67,Elonore,customer,efasey1u@mysql.com
68,Chrisy,administrator,ceringey1v@fema.gov
69,Nappy,customer,nbiggins1w@cdbaby.com
70,Ardisj,employee,abowlands1x@w3.org
71,Jud,customer,jsustins1y@state.gov
72,Camey,administrator,cvinson1z@360.cn
73,Nata,administrator,nwoolston20@imdb.com
74,Camellia,administrator,cfanning21@admin.ch
75,Katuscha,administrator,kcrookshank22@who.int
76,Stevana,administrator,sjamblin23@youtube.com
77,Rosalynd,customer,rphilipsson24@theatlantic.com
78,Edi,customer,ewoodhams25@squidoo.com
79,Shalne,administrator,sjarman26@vk.com
80,Ulrick,employee,uatwill27@alexa.com
81,Bearnard,employee,btourner28@hexun.com
82,Chiquita,employee,cwells29@feedburner.com
83,Eddi,employee,ecoleridge2a@cloudflare.com
84,Wallie,employee,wharmant2b@delicious.com
85,Idalina,administrator,igimber2c@adobe.com
86,Vicki,administrator,vcartner2d@amazon.de
87,Win,administrator,wsmitton2e@com.com
88,Billi,customer,bbetchley2f@paginegialle.it
89,Yurik,customer,ytrevaskis2g@hatena.ne.jp
90,Nathanial,administrator,nphillippo2h@uiuc.edu
91,Zuzana,administrator,zabbe2i@cdc.gov
92,Maximilianus,administrator,mlaimable2j@un.org
93,Ase,employee,abernaert2k@buzzfeed.com
94,Lindy,employee,lmundford2l@bizjournals.com
95,Odessa,administrator,ogillice2m@sohu.com
96,Gavan,administrator,gconquest2n@tripod.com
97,Joelly,administrator,jahlf2o@cbc.ca
98,Tomaso,employee,tsprey2p@slideshare.net
99,Russ,customer,rpuddle2q@livejournal.com
100,Zola,customer,zstigers2r@vkontakte.ru
101,Kerri,employee,ksavary2s@seesaa.net
102,El,customer,eduhamel2t@prweb.com
103,Kathlin,customer,kcowdery2u@lycos.com
104,Darice,customer,dpratty2v@seattletimes.com
105,Kelcy,employee,klodewick2w@g.co
106,Ulla,employee,udunstall2x@wix.com
107,Jacobo,customer,jweetch2y@topsy.com
108,Noella,customer,nsandle2z@blinklist.com
109,Edwina,employee,ealexandrescu30@deviantart.com
110,Jessee,administrator,jmccrann31@wisc.edu
111,Bren,administrator,bmullane32@unc.edu
112,Marjorie,customer,mmillbank33@upenn.edu
113,Sheffie,administrator,slyford34@fastcompany.com
114,Randolf,administrator,rferentz35@senate.gov
115,Jake,customer,jcochrane36@google.ca
116,Harlan,employee,hbaudoux37@lulu.com
117,Bart,administrator,bchate38@paginegialle.it
118,Harlen,employee,hhuff39@w3.org
119,Mariejeanne,administrator,mcooke3a@blogger.com
120,Vin,customer,vzuppa3b@1und1.de
121,Goraud,employee,ghegarty3c@bluehost.com
122,Darnall,employee,dakers3d@springer.com
123,Eloisa,administrator,equant3e@blog.com
124,Stearne,employee,scastles3f@webs.com
125,Gustavus,customer,gmelbourne3g@craigslist.org
126,Carine,customer,cduinbleton3h@meetup.com
127,Husein,administrator,hphilips3i@wufoo.com
128,Lorrayne,customer,lfaircley3j@japanpost.jp
129,Hakeem,administrator,hsilverstone3k@quantcast.com
130,Matti,administrator,msteet3l@auda.org.au
131,Ikey,employee,ibasset3m@sun.com
132,Barth,administrator,bbertson3n@mozilla.com
133,Bartholomeo,administrator,blowy3o@t-online.de
134,Mort,employee,msalters3p@youtu.be
135,Burg,employee,bhambidge3q@vk.com
136,Mariya,customer,mthoumas3r@webnode.com
137,Hercules,employee,hmajury3s@google.nl
138,Aron,employee,achurchward3t@foxnews.com
139,Ewart,employee,esteart3u@wiley.com
140,Miriam,employee,mditter3v@oracle.com
141,Zenia,customer,znana3w@discovery.com
142,Bernetta,customer,bfolomin3x@about.me
143,Eberto,administrator,ebedward3y@domainmarket.com
144,Kare,administrator,kswede3z@rambler.ru
145,Carri,administrator,cwoolward40@yelp.com
146,Yancey,customer,yballantine41@timesonline.co.uk
147,Lil,administrator,ljeckells42@census.gov
148,Tova,employee,tdilleston43@paypal.com
149,Lombard,employee,lmundy44@prlog.org
150,Jillayne,employee,jruggles45@msn.com
151,Berne,employee,bruselin46@linkedin.com
152,Tony,customer,tdunckley47@wikia.com
153,Devin,administrator,dfratson48@live.com
154,Humberto,customer,hlockhart49@businessinsider.com
155,Kassandra,employee,kbuxton4a@google.co.jp
156,Jodi,employee,jcollingdon4b@addthis.com
157,Devin,employee,ddorsay4c@oakley.com
158,Jarrod,customer,jcawcutt4d@kickstarter.com
159,Charlot,customer,cadnett4e@i2i.jp
160,Irwin,administrator,ikalisz4f@opensource.org
161,Rurik,administrator,raicken4g@nyu.edu
162,Ware,administrator,whortop4h@devhub.com
163,Eleni,administrator,edunlea4i@lycos.com
164,Wynny,administrator,wdalgleish4j@harvard.edu
165,Germaine,customer,gguillerman4k@omniture.com
166,Ruddy,customer,rgelland4l@bbc.co.uk
167,Rosita,administrator,rmantram4m@qq.com
168,Haven,employee,hmcffaden4n@sourceforge.net
169,Herschel,administrator,hegdell4o@vimeo.com
170,Vilma,employee,vhethron4p@ibm.com
171,Albertine,employee,acuthbert4q@marketwatch.com
172,Gerladina,administrator,gjoskovitch4r@wsj.com
173,Welby,administrator,wlansley4s@seesaa.net
174,Joanie,administrator,jnerger4t@jiathis.com
175,Had,administrator,hbrehaut4u@newsvine.com
176,Frederica,administrator,fabbe4v@uiuc.edu
177,Rogerio,customer,rliverseege4w@mit.edu
178,Brynn,administrator,bkeppie4x@hatena.ne.jp
179,Cleon,customer,chenriksson4y@google.ca
180,Rowena,employee,rhemphill4z@discovery.com
181,Berna,customer,bpopplestone50@telegraph.co.uk
182,Patrice,employee,pcharter51@vkontakte.ru
183,Suki,administrator,scrowcroft52@mapy.cz
184,Toby,employee,tmccaull53@canalblog.com
185,Morganne,employee,mseymour54@wsj.com
186,Meaghan,administrator,mpapaminas55@jugem.jp
187,Giustino,administrator,gizzett56@cargocollective.com
188,Cammy,administrator,cbehan57@google.es
189,Alvie,employee,asharplin58@reddit.com
190,Tremain,customer,theake59@abc.net.au
191,Mariejeanne,administrator,mhullot5a@theglobeandmail.com
192,Sharyl,employee,spfleger5b@narod.ru
193,Jerrie,administrator,jcecchi5c@amazon.co.jp
194,Doreen,customer,develing5d@tamu.edu
195,Tedra,employee,tpulfer5e@ihg.com
196,Odelle,administrator,ohucker5f@dropbox.com
197,Madelaine,employee,mwandrey5g@tiny.cc
198,Byram,administrator,brutigliano5h@pinterest.com
199,Hildegaard,administrator,hkadwallider5i@guardian.co.uk
200,Ernestine,customer,epaulusch5j@paypal.com
201,Terrell,employee,tbonallick5k@rediff.com
202,Lula,customer,lawde5l@ocn.ne.jp
203,Brittani,customer,bolynn5m@friendfeed.com
204,Halie,administrator,hmichieli5n@redcross.org
205,Inglebert,employee,idoerrling5o@phpbb.com
206,Starr,customer,scuckoo5p@yolasite.com
207,Frasier,customer,fodonovan5q@twitter.com
208,Stillman,employee,sdare5r@fotki.com
209,Crystal,customer,cmaccoll5s@cpanel.net
210,Celia,employee,ccropper5t@berkeley.edu
211,Grant,employee,gmaclaig5u@technorati.com
212,Loleta,administrator,lgonneau5v@timesonline.co.uk
213,Gerianna,customer,gadrienne5w@drupal.org
214,Fielding,employee,florenzetto5x@printfriendly.com
215,Lindon,customer,lskirven5y@ucla.edu
216,Raphaela,customer,rmeharry5z@nih.gov
217,Eugene,employee,ekrollmann60@ehow.com
218,Yurik,employee,ykealy61@goo.ne.jp
219,Lyndsey,customer,lpennick62@guardian.co.uk
220,Lurline,administrator,llicciardello63@cam.ac.uk
221,Sibyl,customer,sjeayes64@ebay.com
222,Raffaello,administrator,rlewens65@bbb.org
223,Berkly,administrator,bsigg66@sphinn.com
224,Nicolais,employee,nedgson67@plala.or.jp
225,Oralia,employee,opollendine68@t-online.de
226,Felipe,employee,fgirsch69@nsw.gov.au
227,Aubert,customer,ajodrelle6a@tinypic.com
228,Maryrose,customer,mbrazer6b@tmall.com
229,Janie,employee,jyegorov6c@arizona.edu
230,Trenna,employee,tyegorkov6d@theatlantic.com
231,Katleen,administrator,kcasement6e@accuweather.com
232,Esme,administrator,elawler6f@tmall.com
233,Karen,customer,kbulgen6g@csmonitor.com
234,Marita,employee,mkanter6h@bloglines.com
235,Marya,employee,mlairdcraig6i@sfgate.com
236,Ignacio,administrator,ihuckin6j@baidu.com
237,Joceline,employee,jcuerda6k@infoseek.co.jp
238,Jeni,customer,jyakunikov6l@archive.org
239,Betti,employee,bowtram6m@wsj.com
240,Leigh,employee,lbride6n@xing.com
241,Tiffy,administrator,tdowry6o@slideshare.net
242,Blithe,employee,bdwight6p@skyrock.com
243,Shanda,customer,sschreurs6q@shop-pro.jp
244,Chaddy,administrator,cmcalindon6r@i2i.jp
245,Chrissy,employee,clum6s@baidu.com
246,Idalina,employee,imoring6t@npr.org
247,Loralyn,employee,lziem6u@sbwire.com
248,Llywellyn,administrator,lcosson6v@mysql.com
249,Curry,administrator,clipson6w@nhs.uk
250,Brucie,employee,bchape6x@discovery.com
251,Abby,employee,ananninini6y@mysql.com
252,Nicol,customer,ngofforth6z@trellian.com
253,Cristionna,administrator,cbarbie70@smh.com.au
254,Abe,employee,adesimone71@whitehouse.gov
255,Vail,administrator,vpersent72@moonfruit.com
256,Garvin,employee,ghabbema73@over-blog.com
257,Sileas,administrator,speploe74@cam.ac.uk
258,Shamus,administrator,spudsey75@phoca.cz
259,Carolynn,customer,cmatthius76@e-recht24.de
260,Augusto,employee,ahoyland77@nps.gov
261,Melisande,administrator,mvittle78@yandex.ru
262,Lavinie,administrator,lspilisy79@google.ru
263,Levi,employee,lbrecher7a@blinklist.com
264,Bell,customer,bgleasane7b@marriott.com
265,Theda,administrator,tdurkin7c@intel.com
266,Ezra,customer,eclunie7d@tripadvisor.com
267,Beniamino,administrator,bmoston7e@google.cn
268,Konstanze,customer,kbourdice7f@1und1.de
269,Cyndie,customer,cgumly7g@thetimes.co.uk
270,Willard,administrator,wtofanini7h@google.fr
271,Marla,administrator,malelsandrowicz7i@xing.com
272,Mora,administrator,mjerome7j@answers.com
273,Barde,employee,bvarga7k@ucoz.com
274,Josepha,administrator,jcull7l@sina.com.cn
275,Madalyn,customer,mferenc7m@ehow.com
276,Waldemar,customer,wdungay7n@unblog.fr
277,Merle,administrator,mduiguid7o@answers.com
278,Brice,administrator,bhanscom7p@devhub.com
279,Edwina,customer,elindsay7q@desdev.cn
280,Danna,administrator,dsegrott7r@php.net
281,Brad,administrator,blyle7s@cmu.edu
282,Paulina,administrator,pcheavin7t@webs.com
283,Humphrey,employee,hearnshaw7u@elegantthemes.com
284,Jessalyn,administrator,jhendrix7v@liveinternet.ru
285,Robby,administrator,rhaddock7w@hud.gov
286,Lynne,employee,lbarts7x@usgs.gov
287,Tanya,employee,tyockley7y@google.com.au
288,Nichole,customer,nbuckhurst7z@msu.edu
289,Iver,customer,iwingfield80@patch.com
290,Cathleen,customer,cmawne81@etsy.com
291,Deloris,employee,dmoyce82@patch.com
292,Luise,administrator,lander83@oracle.com
293,Yettie,employee,ygraalmans84@ox.ac.uk
294,Michal,customer,mkingswoode85@ovh.net
295,Lionello,employee,ltoma86@gov.uk
296,Jed,employee,jwicken87@unicef.org
297,Ingaberg,customer,imitkov88@cdc.gov
298,Paulina,customer,pgrivori89@csmonitor.com
299,Korry,customer,kkennaway8a@dedecms.com
300,Jarred,customer,jhasnip8b@theatlantic.com
301,Ilse,administrator,iminall8c@booking.com
302,Jaime,customer,jvella8d@earthlink.net
303,Delphine,employee,dmunnery8e@behance.net
304,Hildegarde,customer,hmechell8f@meetup.com
305,Miran,administrator,medrich8g@patch.com
306,Anton,administrator,agoldsmith8h@weather.com
307,Arlie,administrator,adiglin8i@salon.com
308,Christoph,administrator,czoephel8j@slideshare.net
309,Gillie,customer,grihosek8k@github.com
310,Beatriz,administrator,bboyton8l@slashdot.org
311,Annalise,administrator,ahurdle8m@jalbum.net
312,Bernhard,administrator,blaw8n@mashable.com
313,Bondie,employee,bcosins8o@livejournal.com
314,Linette,administrator,lmaclachlan8p@amazon.co.uk
315,Harrie,customer,hkindread8q@hostgator.com
316,Ruperta,employee,ramner8r@shinystat.com
317,Philipa,employee,ppeek8s@mediafire.com
318,Dredi,employee,dhaysom8t@flavors.me
319,Fonz,employee,flghan8u@indiatimes.com
320,Catlin,customer,caysh8v@wordpress.org
321,Jordanna,administrator,jracher8w@last.fm
322,Cullen,employee,cleachman8x@apache.org
323,Ann-marie,customer,aguppey8y@ustream.tv
324,Cherianne,employee,czoanetti8z@globo.com
325,Brod,employee,bfulop90@prlog.org
326,Audre,administrator,aconroy91@deviantart.com
327,Kirbie,administrator,kplackstone92@guardian.co.uk
328,Farris,employee,fmerner93@telegraph.co.uk
329,Oona,customer,ogranham94@disqus.com
330,Jecho,administrator,jsussems95@exblog.jp
331,Efrem,customer,efritschmann96@weather.com
332,Alli,customer,asingh97@t.co
333,Claudell,customer,ckrojn98@dot.gov
334,Guenna,administrator,gacreman99@livejournal.com
335,Angelo,customer,amellem9a@comcast.net
336,Dorolisa,customer,darendsen9b@angelfire.com
337,Linzy,customer,ldjurisic9c@ow.ly
338,Coriss,administrator,cdipple9d@cornell.edu
339,Dela,customer,dsuddards9e@so-net.ne.jp
340,Morey,administrator,mallibon9f@harvard.edu
341,Carlen,customer,coliphant9g@independent.co.uk
342,Tamar,employee,tavon9h@tumblr.com
343,Frederik,customer,frorke9i@tmall.com
344,Ransom,customer,rhemms9j@i2i.jp
345,Haleigh,employee,hhedde9k@bluehost.com
346,Guglielmo,employee,ghamby9l@eventbrite.com
347,Barret,administrator,bringe9m@jiathis.com
348,Pat,customer,pstraneo9n@time.com
349,Oliviero,customer,ocathenod9o@desdev.cn
350,Niki,customer,ngrocutt9p@clickbank.net
351,Quinn,employee,qgutch9q@ca.gov
352,Ambur,customer,aeliassen9r@eepurl.com
353,Stacey,customer,scurrie9s@joomla.org
354,Adah,customer,aclouston9t@163.com
355,Prinz,employee,platch9u@typepad.com
356,Loella,employee,lschuelcke9v@umn.edu
357,Etty,employee,efley9w@goodreads.com
358,Sydel,administrator,sdole9x@stanford.edu
359,Creight,employee,chovel9y@oaic.gov.au
360,Fayth,customer,fhedingham9z@cbslocal.com
361,Sheilakathryn,administrator,spagrama0@uiuc.edu
362,Biron,employee,bgonoudea1@alibaba.com
363,Seumas,administrator,slamputta2@dailymail.co.uk
364,Henrie,employee,hprebblea3@aol.com
365,Ameline,employee,asantacrolea4@forbes.com
366,Caryl,administrator,cblayda5@bbc.co.uk
367,Anabel,customer,amccullougha6@abc.net.au
368,Kelcy,administrator,kfidiana7@jiathis.com
369,Royce,customer,rgynnea8@plala.or.jp
370,Andee,administrator,arickerta9@disqus.com
371,Abbot,employee,alacosteaa@timesonline.co.uk
372,Clarance,administrator,cfowlestoneab@meetup.com
373,Aurlie,employee,aklampkac@wisc.edu
374,Trudey,customer,tskaead@icq.com
375,Alysia,employee,aberraneae@addtoany.com
376,Cindee,administrator,cmcglewaf@apple.com
377,Opalina,employee,oomanag@delicious.com
378,Dahlia,administrator,dkinderah@google.com.hk
379,Syman,employee,sheymannai@instagram.com
380,Andree,employee,avasyutichevaj@blinklist.com
381,Domeniga,employee,dkeasleyak@toplist.cz
382,Nonah,employee,nmarcomeal@usnews.com
383,Damon,customer,dgallacheram@furl.net
384,Christoph,administrator,cowttriman@shareasale.com
385,Marilee,administrator,mraperao@wikipedia.org
386,Zachariah,employee,zwoolleyap@usatoday.com
387,Luz,employee,lmasonaq@bbc.co.uk
388,Lionello,customer,lpawelkear@diigo.com
389,Steffi,administrator,sbengtssonas@whitehouse.gov
390,Brendon,employee,bhayseyat@senate.gov
391,Janey,customer,jwortsau@dropbox.com
392,Gawain,administrator,gsandomav@intel.com
393,Eleni,employee,esisselotaw@java.com
394,Wade,employee,wbuddingtonax@cam.ac.uk
395,Josee,employee,jstendallay@huffingtonpost.com
396,Con,customer,cdanielianaz@statcounter.com
397,Amalie,administrator,abichenob0@usnews.com
398,Northrup,administrator,ngallerb1@illinois.edu
399,Genevieve,employee,gklaisb2@icio.us
400,Lanna,customer,lthomsonb3@google.ca
401,Giffard,customer,gtschirascheb4@google.ca
402,Dorothee,employee,dinglisb5@opensource.org
403,Griffy,customer,gspringleb6@admin.ch
404,Cobb,administrator,cborelandb7@bloglovin.com
405,Mindy,customer,mayerstb8@jugem.jp
406,Kynthia,customer,kguitteb9@simplemachines.org
407,Jenni,administrator,jeuesdenba@symantec.com
408,Selle,administrator,stimoneybb@ifeng.com
409,Rowena,employee,rsutcliffebc@aboutads.info
410,Penrod,customer,pturneuxbd@hibu.com
411,Che,administrator,cadamovitchbe@imageshack.us
412,Clarice,administrator,chayballbf@usgs.gov
413,Berna,customer,bsaffinbg@merriam-webster.com
414,Roscoe,administrator,relleringtonbh@prlog.org
415,Pennie,customer,psillarsbi@lulu.com
416,Arty,customer,aattiwillbj@163.com
417,Rozelle,customer,rcouvertbk@hibu.com
418,Flo,employee,fbaffordbl@yale.edu
419,Yehudit,employee,yharsnipebm@qq.com
420,Carmine,administrator,cfindlaybn@google.com.au
421,Kennie,customer,kstockmanbo@topsy.com
422,Amabelle,customer,avousdenbp@businessinsider.com
423,Chevalier,administrator,cmadocjonesbq@gov.uk
424,Chloe,customer,crowlingsbr@bbc.co.uk
425,Fergus,customer,fgilchristbs@wsj.com
426,Iago,employee,ibrookingbt@vinaora.com
427,Hardy,employee,hwalbridgebu@timesonline.co.uk
428,Hussein,administrator,hbrockwellbv@networkadvertising.org
429,Cristy,employee,cmacduffbw@mlb.com
430,Jayson,employee,jvandrillbx@mlb.com
431,Kakalina,customer,kbilbrookby@blogtalkradio.com
432,Melessa,employee,mdonalsonbz@bing.com
433,Kylynn,employee,kgardenc0@archive.org
434,Lennie,employee,lpinsentc1@state.tx.us
435,Alaine,employee,abendec2@va.gov
436,Iago,employee,ivideanc3@creativecommons.org
437,Kelly,employee,kyanukhinc4@go.com
438,Clary,employee,cmaaszc5@china.com.cn
439,Carny,employee,cspencookc6@ask.com
440,Bobbie,administrator,babelevitzc7@gnu.org
441,Jacquelyn,administrator,jmcleodc8@soup.io
442,Sheffield,administrator,sportisc9@upenn.edu
443,Sherman,administrator,scasassaca@over-blog.com
444,Cyb,administrator,cserrellcb@ucla.edu
445,Jedd,administrator,jgellancc@uiuc.edu
446,Roxanne,employee,rlawlancd@skyrock.com
447,Odelinda,administrator,ogoodlakece@mit.edu
448,Maryanna,employee,mcaldecuttcf@nyu.edu
449,Frederique,administrator,fmardencg@cdbaby.com
450,Sandra,administrator,sankerch@slate.com
451,Kelsey,employee,kmapplebeckci@unicef.org
452,Audrie,employee,abiglincj@cocolog-nifty.com
453,Bobby,administrator,bsifletck@parallels.com
454,Evyn,administrator,ejakubovskycl@soundcloud.com
455,Lotti,customer,lwiggettcm@comcast.net
456,Morissa,administrator,mchasecn@nymag.com
457,Shea,administrator,skorbco@hp.com
458,Ursula,employee,uteodorocp@oakley.com
459,Jenifer,administrator,jgeevecq@rediff.com
460,Trixy,customer,tfidgecr@sciencedaily.com
461,Ade,customer,adenyscs@vimeo.com
462,Katy,administrator,kedmensonct@google.com.hk
463,Suzann,employee,smalthousecu@reddit.com
464,Grete,administrator,gewbankcv@deviantart.com
465,Weider,employee,wkinsoncw@ehow.com
466,Devon,customer,derbcx@noaa.gov
467,Lark,customer,lbritlandcy@shop-pro.jp
468,Susana,employee,sjacobowitzcz@japanpost.jp
469,Gracia,employee,gchelamd0@wikipedia.org
470,Ilsa,employee,iwicksd1@discuz.net
471,Caria,administrator,cthowd2@list-manage.com
472,Ambrosi,customer,adrinkeld3@bbb.org
473,Valaree,employee,vbeacockd4@shareasale.com
474,Warren,employee,wspurdend5@pinterest.com
475,Emile,customer,eballeined6@columbia.edu
476,Carlos,customer,celiotd7@usa.gov
477,Jess,administrator,jheardd8@dagondesign.com
478,Ingaborg,customer,iokelleherd9@dell.com
479,Vonnie,employee,vhadwenda@globo.com
480,Bethanne,employee,bfurmstondb@symantec.com
481,Otho,administrator,oklulicekdc@eepurl.com
482,Aubrey,customer,adaviddidd@yale.edu
483,Jacquelyn,customer,jrutledgede@webmd.com
484,Norton,customer,nmatuszakdf@smh.com.au
485,Caz,administrator,coutramdg@comsenz.com
486,Cary,employee,csamwayesdh@army.mil
487,Rollins,administrator,rlewcockdi@fda.gov
488,Hamish,employee,hdominecdj@theglobeandmail.com
489,Filmore,administrator,fgeffingerdk@chicagotribune.com
490,Corella,customer,caddioniziodl@networkadvertising.org
491,Vitia,employee,vmacfiedm@4shared.com
492,Osborn,employee,onickollsdn@bizjournals.com
493,Maribel,customer,mborthramdo@altervista.org
494,Gardie,customer,gbowmerdp@mlb.com
495,Gerri,customer,gtunnowdq@w3.org
496,Currie,customer,cgirtindr@symantec.com
497,Terri,employee,twasteneyds@eventbrite.com
498,Claudette,employee,ckachdt@wikispaces.com
499,Yul,employee,ypriestleydu@cbslocal.com
500,Paxon,customer,plarwooddv@canalblog.com
